origin,destination,departure_date,collection_date,advance_window_days,total_fare_inr,base_fare_inr,taxes_inr,udf_inr,convenience_fee_inr,carrier,flight_number,depart_time_local,fare_class,source_portal
BLR,BOM,2026-09-09,2026-09-08,1,15664.0,13814.0,1850.0,,,QP,QP1134,22:55,EC,akasa
BLR,BOM,2026-09-09,2026-09-08,1,16242.0,14364.0,1878.0,,,QP,QP1134,22:55,AV,akasa
BLR,BOM,2026-09-09,2026-09-08,1,17024.0,15108.0,1916.0,,,QP,QP1150,16:05,EC,akasa
BLR,BOM,2026-09-09,2026-09-08,1,17600.0,15658.0,1942.0,,,QP,QP1150,16:05,AV,akasa
BLR,BOM,2026-09-09,2026-09-08,1,20136.0,18072.0,2064.0,,,QP,QP1517,07:40,EC,akasa
BLR,BOM,2026-09-09,2026-09-08,1,20714.0,18622.0,2092.0,,,QP,QP1517,07:40,AV,akasa
BLR,BOM,2026-09-09,2026-09-08,1,21555.0,19423.0,2132.0,,,QP,QP1381,04:50,EC,akasa
BLR,BOM,2026-09-09,2026-09-08,1,22131.0,19973.0,2158.0,,,QP,QP1381,04:50,AV,akasa
BLR,BOM,2026-09-09,2026-09-08,1,21555.0,19423.0,2132.0,,,QP,QP1130,11:20,EC,akasa
BLR,BOM,2026-09-09,2026-09-08,1,22131.0,19973.0,2158.0,,,QP,QP1130,11:20,AV,akasa
BLR,BOM,2026-09-09,2026-09-08,1,23078.0,20874.0,2204.0,,,QP,QP1528,10:20,EC,akasa
BLR,BOM,2026-09-09,2026-09-08,1,23656.0,21424.0,2232.0,,,QP,QP1528,10:20,AV,akasa
BLR,BOM,2026-09-09,2026-09-08,1,28366.0,25910.0,2456.0,,,QP,QP1515,06:20,EC,akasa
BLR,BOM,2026-09-09,2026-09-08,1,28944.0,26460.0,2484.0,,,QP,QP1515,06:20,AV,akasa
BLR,BOM,2026-09-15,2026-09-08,7,6575.0,5157.0,1418.0,,,QP,QP1134,22:55,EC,akasa
BLR,BOM,2026-09-15,2026-09-08,7,7153.0,5707.0,1446.0,,,QP,QP1134,22:55,AV,akasa
BLR,BOM,2026-09-15,2026-09-08,7,6823.0,5393.0,1430.0,,,QP,QP1381,04:50,EC,akasa
BLR,BOM,2026-09-15,2026-09-08,7,7401.0,5943.0,1458.0,,,QP,QP1381,04:50,AV,akasa
BLR,BOM,2026-09-15,2026-09-08,7,7082.0,5640.0,1442.0,,,QP,QP1383,05:25,EC,akasa
BLR,BOM,2026-09-15,2026-09-08,7,7660.0,6190.0,1470.0,,,QP,QP1383,05:25,AV,akasa
BLR,BOM,2026-09-15,2026-09-08,7,7082.0,5640.0,1442.0,,,QP,QP1528,10:20,EC,akasa
BLR,BOM,2026-09-15,2026-09-08,7,7660.0,6190.0,1470.0,,,QP,QP1528,10:20,AV,akasa
BLR,BOM,2026-09-15,2026-09-08,7,7082.0,5640.0,1442.0,,,QP,QP1150,16:05,EC,akasa
BLR,BOM,2026-09-15,2026-09-08,7,7660.0,6190.0,1470.0,,,QP,QP1150,16:05,AV,akasa
BLR,BOM,2026-09-15,2026-09-08,7,7352.0,5898.0,1454.0,,,QP,QP1132,15:20,EC,akasa
BLR,BOM,2026-09-15,2026-09-08,7,7930.0,6448.0,1482.0,,,QP,QP1132,15:20,AV,akasa
BLR,BOM,2026-09-15,2026-09-08,7,8568.0,7056.0,1512.0,,,QP,QP1515,06:20,EC,akasa
BLR,BOM,2026-09-15,2026-09-08,7,9146.0,7606.0,1540.0,,,QP,QP1515,06:20,AV,akasa
BLR,BOM,2026-09-15,2026-09-08,7,9634.0,8070.0,1564.0,,,QP,QP1517,07:40,EC,akasa
BLR,BOM,2026-09-15,2026-09-08,7,10212.0,8620.0,1592.0,,,QP,QP1517,07:40,AV,akasa
BLR,BOM,2026-09-23,2026-09-08,15,4778.0,3446.0,1332.0,,,QP,QP1517,07:40,EC,akasa
BLR,BOM,2026-09-23,2026-09-08,15,5356.0,3996.0,1360.0,,,QP,QP1517,07:40,AV,akasa
BLR,BOM,2026-09-23,2026-09-08,15,4944.0,3604.0,1340.0,,,QP,QP1381,04:50,EC,akasa
BLR,BOM,2026-09-23,2026-09-08,15,5522.0,4154.0,1368.0,,,QP,QP1381,04:50,AV,akasa
BLR,BOM,2026-09-23,2026-09-08,15,4944.0,3604.0,1340.0,,,QP,QP1515,06:20,EC,akasa
BLR,BOM,2026-09-23,2026-09-08,15,5522.0,4154.0,1368.0,,,QP,QP1515,06:20,AV,akasa
BLR,BOM,2026-09-23,2026-09-08,15,4944.0,3604.0,1340.0,,,QP,QP1528,10:20,EC,akasa
BLR,BOM,2026-09-23,2026-09-08,15,5522.0,4154.0,1368.0,,,QP,QP1528,10:20,AV,akasa
BLR,BOM,2026-09-23,2026-09-08,15,6337.0,4931.0,1406.0,,,QP,QP1130,11:20,EC,akasa
BLR,BOM,2026-09-23,2026-09-08,15,6915.0,5481.0,1434.0,,,QP,QP1130,11:20,AV,akasa
BLR,BOM,2026-09-23,2026-09-08,15,7082.0,5640.0,1442.0,,,QP,QP1150,16:05,EC,akasa
BLR,BOM,2026-09-23,2026-09-08,15,7660.0,6190.0,1470.0,,,QP,QP1150,16:05,AV,akasa
BLR,BOM,2026-09-23,2026-09-08,15,7352.0,5898.0,1454.0,,,QP,QP1134,22:55,EC,akasa
BLR,BOM,2026-09-23,2026-09-08,15,7930.0,6448.0,1482.0,,,QP,QP1134,22:55,AV,akasa
BLR,BOM,2026-10-08,2026-09-08,30,4778.0,3446.0,1332.0,,,QP,QP1517,05:00,EC,akasa
BLR,BOM,2026-10-08,2026-09-08,30,5356.0,3996.0,1360.0,,,QP,QP1517,05:00,AV,akasa
BLR,BOM,2026-10-08,2026-09-08,30,4778.0,3446.0,1332.0,,,QP,QP1515,06:00,EC,akasa
BLR,BOM,2026-10-08,2026-09-08,30,5356.0,3996.0,1360.0,,,QP,QP1515,06:00,AV,akasa
BLR,BOM,2026-10-08,2026-09-08,30,5894.0,4508.0,1386.0,,,QP,QP1154,12:05,EC,akasa
BLR,BOM,2026-10-08,2026-09-08,30,6470.0,5058.0,1412.0,,,QP,QP1154,12:05,AV,akasa
BLR,BOM,2026-10-08,2026-09-08,30,5894.0,4508.0,1386.0,,,QP,QP1150,16:05,EC,akasa
BLR,BOM,2026-10-08,2026-09-08,30,6470.0,5058.0,1412.0,,,QP,QP1150,16:05,AV,akasa
BLR,BOM,2026-10-08,2026-09-08,30,5894.0,4508.0,1386.0,,,QP,QP1986,17:45,EC,akasa
BLR,BOM,2026-10-08,2026-09-08,30,6470.0,5058.0,1412.0,,,QP,QP1986,17:45,AV,akasa
BLR,BOM,2026-10-08,2026-09-08,30,7637.0,6169.0,1468.0,,,QP,QP1134,22:55,EC,akasa
BLR,BOM,2026-10-08,2026-09-08,30,8215.0,6719.0,1496.0,,,QP,QP1134,22:55,AV,akasa
BLR,BOM,2026-10-23,2026-09-08,45,5488.0,4122.0,1366.0,,,QP,QP1517,05:00,EC,akasa
BLR,BOM,2026-10-23,2026-09-08,45,6066.0,4672.0,1394.0,,,QP,QP1517,05:00,AV,akasa
BLR,BOM,2026-10-23,2026-09-08,45,5488.0,4122.0,1366.0,,,QP,QP1515,06:00,EC,akasa
BLR,BOM,2026-10-23,2026-09-08,45,6066.0,4672.0,1394.0,,,QP,QP1515,06:00,AV,akasa
BLR,BOM,2026-10-23,2026-09-08,45,7082.0,5640.0,1442.0,,,QP,QP1134,22:55,EC,akasa
BLR,BOM,2026-10-23,2026-09-08,45,7660.0,6190.0,1470.0,,,QP,QP1134,22:55,AV,akasa
BLR,DEL,2026-09-09,2026-09-08,1,8714.0,7217.0,1497.0,,,QP,QP1811,04:10,EC,akasa
BLR,DEL,2026-09-09,2026-09-08,1,9115.0,7598.0,1517.0,,,QP,QP1811,04:10,AV,akasa
BLR,DEL,2026-09-09,2026-09-08,1,8714.0,7217.0,1497.0,,,QP,QP1359,05:00,EC,akasa
BLR,DEL,2026-09-09,2026-09-08,1,9115.0,7598.0,1517.0,,,QP,QP1359,05:00,AV,akasa
BLR,DEL,2026-09-09,2026-09-08,1,8714.0,7217.0,1497.0,,,QP,QP1821,13:10,EC,akasa
BLR,DEL,2026-09-09,2026-09-08,1,9115.0,7598.0,1517.0,,,QP,QP1821,13:10,AV,akasa
BLR,DEL,2026-09-09,2026-09-08,1,9299.0,7774.0,1525.0,,,QP,QP1307,17:20,EC,akasa
BLR,DEL,2026-09-09,2026-09-08,1,9700.0,8155.0,1545.0,,,QP,QP1307,17:20,AV,akasa
BLR,DEL,2026-09-09,2026-09-08,1,11488.0,9859.0,1629.0,,,QP,QP1823,06:05,EC,akasa
BLR,DEL,2026-09-09,2026-09-08,1,11889.0,10240.0,1649.0,,,QP,QP1823,06:05,AV,akasa
BLR,DEL,2026-09-15,2026-09-08,7,8714.0,7217.0,1497.0,,,QP,QP1811,04:10,EC,akasa
BLR,DEL,2026-09-15,2026-09-08,7,9115.0,7598.0,1517.0,,,QP,QP1811,04:10,AV,akasa
BLR,DEL,2026-09-15,2026-09-08,7,8714.0,7217.0,1497.0,,,QP,QP1359,05:00,EC,akasa
BLR,DEL,2026-09-15,2026-09-08,7,9115.0,7598.0,1517.0,,,QP,QP1359,05:00,AV,akasa
BLR,DEL,2026-09-15,2026-09-08,7,8714.0,7217.0,1497.0,,,QP,QP1821,13:10,EC,akasa
BLR,DEL,2026-09-15,2026-09-08,7,9115.0,7598.0,1517.0,,,QP,QP1821,13:10,AV,akasa
BLR,DEL,2026-09-15,2026-09-08,7,8714.0,7217.0,1497.0,,,QP,QP1307,17:20,EC,akasa
BLR,DEL,2026-09-15,2026-09-08,7,9115.0,7598.0,1517.0,,,QP,QP1307,17:20,AV,akasa
BLR,DEL,2026-09-15,2026-09-08,7,9971.0,8414.0,1557.0,,,QP,QP1823,06:05,EC,akasa
BLR,DEL,2026-09-15,2026-09-08,7,10372.0,8795.0,1577.0,,,QP,QP1823,06:05,AV,akasa
BLR,DEL,2026-09-23,2026-09-08,15,8714.0,7217.0,1497.0,,,QP,QP1811,04:10,EC,akasa
BLR,DEL,2026-09-23,2026-09-08,15,9115.0,7598.0,1517.0,,,QP,QP1811,04:10,AV,akasa
BLR,DEL,2026-09-23,2026-09-08,15,8714.0,7217.0,1497.0,,,QP,QP1359,05:00,EC,akasa
BLR,DEL,2026-09-23,2026-09-08,15,9115.0,7598.0,1517.0,,,QP,QP1359,05:00,AV,akasa
BLR,DEL,2026-09-23,2026-09-08,15,8714.0,7217.0,1497.0,,,QP,QP1823,06:05,EC,akasa
BLR,DEL,2026-09-23,2026-09-08,15,9115.0,7598.0,1517.0,,,QP,QP1823,06:05,AV,akasa
BLR,DEL,2026-09-23,2026-09-08,15,9299.0,7774.0,1525.0,,,QP,QP1307,17:20,EC,akasa
BLR,DEL,2026-09-23,2026-09-08,15,9700.0,8155.0,1545.0,,,QP,QP1307,17:20,AV,akasa
BLR,DEL,2026-10-08,2026-09-08,30,8714.0,7217.0,1497.0,,,QP,QP1811,03:55,EC,akasa
BLR,DEL,2026-10-08,2026-09-08,30,9115.0,7598.0,1517.0,,,QP,QP1811,03:55,AV,akasa
BLR,DEL,2026-10-08,2026-09-08,30,8714.0,7217.0,1497.0,,,QP,QP1359,05:00,EC,akasa
BLR,DEL,2026-10-08,2026-09-08,30,9115.0,7598.0,1517.0,,,QP,QP1359,05:00,AV,akasa
BLR,DEL,2026-10-08,2026-09-08,30,8714.0,7217.0,1497.0,,,QP,QP1823,06:05,EC,akasa
BLR,DEL,2026-10-08,2026-09-08,30,9115.0,7598.0,1517.0,,,QP,QP1823,06:05,AV,akasa
BLR,DEL,2026-10-08,2026-09-08,30,8714.0,7217.0,1497.0,,,QP,QP1821,13:05,EC,akasa
BLR,DEL,2026-10-08,2026-09-08,30,9115.0,7598.0,1517.0,,,QP,QP1821,13:05,AV,akasa
BLR,DEL,2026-10-23,2026-09-08,45,10150.0,8583.0,1567.0,,,QP,QP1811,03:55,EC,akasa
BLR,DEL,2026-10-23,2026-09-08,45,10549.0,8964.0,1585.0,,,QP,QP1811,03:55,AV,akasa
BLR,DEL,2026-10-23,2026-09-08,45,10150.0,8583.0,1567.0,,,QP,QP1359,05:00,EC,akasa
BLR,DEL,2026-10-23,2026-09-08,45,10549.0,8964.0,1585.0,,,QP,QP1359,05:00,AV,akasa
BLR,DEL,2026-10-23,2026-09-08,45,10150.0,8583.0,1567.0,,,QP,QP1571,05:30,EC,akasa
BLR,DEL,2026-10-23,2026-09-08,45,10549.0,8964.0,1585.0,,,QP,QP1571,05:30,AV,akasa
BLR,DEL,2026-10-23,2026-09-08,45,10150.0,8583.0,1567.0,,,QP,QP1823,06:05,EC,akasa
BLR,DEL,2026-10-23,2026-09-08,45,10549.0,8964.0,1585.0,,,QP,QP1823,06:05,AV,akasa
BLR,DEL,2026-10-23,2026-09-08,45,11488.0,9859.0,1629.0,,,QP,QP1821,13:05,EC,akasa
BLR,DEL,2026-10-23,2026-09-08,45,11889.0,10240.0,1649.0,,,QP,QP1821,13:05,AV,akasa
BLR,HYD,2026-09-09,2026-09-08,1,17033.0,14904.0,2129.0,,,QP,QP1811,04:10,EC,akasa
BLR,HYD,2026-09-09,2026-09-08,1,17833.0,15666.0,2167.0,,,QP,QP1811,04:10,AV,akasa
BLR,HYD,2026-09-09,2026-09-08,1,17033.0,14904.0,2129.0,,,QP,QP1359,05:00,EC,akasa
BLR,HYD,2026-09-09,2026-09-08,1,17833.0,15666.0,2167.0,,,QP,QP1359,05:00,AV,akasa
BLR,HYD,2026-09-09,2026-09-08,1,18607.0,16404.0,2203.0,,,QP,QP1821,13:10,EC,akasa
BLR,HYD,2026-09-09,2026-09-08,1,19407.0,17166.0,2241.0,,,QP,QP1821,13:10,AV,akasa
BLR,HYD,2026-09-09,2026-09-08,1,19807.0,17546.0,2261.0,,,QP,QP1823,06:05,EC,akasa
BLR,HYD,2026-09-09,2026-09-08,1,20607.0,18308.0,2299.0,,,QP,QP1823,06:05,AV,akasa
BLR,HYD,2026-09-15,2026-09-08,7,16568.0,14461.0,2107.0,,,QP,QP1811,04:10,EC,akasa
BLR,HYD,2026-09-15,2026-09-08,7,17368.0,15223.0,2145.0,,,QP,QP1811,04:10,AV,akasa
BLR,HYD,2026-09-15,2026-09-08,7,16568.0,14461.0,2107.0,,,QP,QP1359,05:00,EC,akasa
BLR,HYD,2026-09-15,2026-09-08,7,17368.0,15223.0,2145.0,,,QP,QP1359,05:00,AV,akasa
BLR,HYD,2026-09-15,2026-09-08,7,17033.0,14904.0,2129.0,,,QP,QP1821,13:10,EC,akasa
BLR,HYD,2026-09-15,2026-09-08,7,17833.0,15666.0,2167.0,,,QP,QP1821,13:10,AV,akasa
BLR,HYD,2026-09-15,2026-09-08,7,17823.0,15658.0,2165.0,,,QP,QP1823,06:05,EC,akasa
BLR,HYD,2026-09-15,2026-09-08,7,18625.0,16420.0,2205.0,,,QP,QP1823,06:05,AV,akasa
BLR,HYD,2026-09-23,2026-09-08,15,16568.0,14461.0,2107.0,,,QP,QP1811,04:10,EC,akasa
BLR,HYD,2026-09-23,2026-09-08,15,17368.0,15223.0,2145.0,,,QP,QP1811,04:10,AV,akasa
BLR,HYD,2026-09-23,2026-09-08,15,16568.0,14461.0,2107.0,,,QP,QP1359,05:00,EC,akasa
BLR,HYD,2026-09-23,2026-09-08,15,17368.0,15223.0,2145.0,,,QP,QP1359,05:00,AV,akasa
BLR,HYD,2026-09-23,2026-09-08,15,16568.0,14461.0,2107.0,,,QP,QP1823,06:05,EC,akasa
BLR,HYD,2026-09-23,2026-09-08,15,17368.0,15223.0,2145.0,,,QP,QP1823,06:05,AV,akasa
BLR,HYD,2026-10-08,2026-09-08,30,16418.0,14319.0,2099.0,,,QP,QP1811,03:55,EC,akasa
BLR,HYD,2026-10-08,2026-09-08,30,17218.0,15081.0,2137.0,,,QP,QP1811,03:55,AV,akasa
BLR,HYD,2026-10-08,2026-09-08,30,16418.0,14319.0,2099.0,,,QP,QP1359,05:00,EC,akasa
BLR,HYD,2026-10-08,2026-09-08,30,17218.0,15081.0,2137.0,,,QP,QP1359,05:00,AV,akasa
BLR,HYD,2026-10-08,2026-09-08,30,16418.0,14319.0,2099.0,,,QP,QP1823,06:05,EC,akasa
BLR,HYD,2026-10-08,2026-09-08,30,17218.0,15081.0,2137.0,,,QP,QP1823,06:05,AV,akasa
BLR,HYD,2026-10-08,2026-09-08,30,16418.0,14319.0,2099.0,,,QP,QP1821,13:05,EC,akasa
BLR,HYD,2026-10-08,2026-09-08,30,17218.0,15081.0,2137.0,,,QP,QP1821,13:05,AV,akasa
BLR,HYD,2026-10-23,2026-09-08,45,18153.0,15972.0,2181.0,,,QP,QP1811,03:55,EC,akasa
BLR,HYD,2026-10-23,2026-09-08,45,18953.0,16734.0,2219.0,,,QP,QP1811,03:55,AV,akasa
BLR,HYD,2026-10-23,2026-09-08,45,18153.0,15972.0,2181.0,,,QP,QP1359,05:00,EC,akasa
BLR,HYD,2026-10-23,2026-09-08,45,18953.0,16734.0,2219.0,,,QP,QP1359,05:00,AV,akasa
BLR,HYD,2026-10-23,2026-09-08,45,18153.0,15972.0,2181.0,,,QP,QP1571,05:30,EC,akasa
BLR,HYD,2026-10-23,2026-09-08,45,18953.0,16734.0,2219.0,,,QP,QP1571,05:30,AV,akasa
BLR,HYD,2026-10-23,2026-09-08,45,18153.0,15972.0,2181.0,,,QP,QP1823,06:05,EC,akasa
BLR,HYD,2026-10-23,2026-09-08,45,18953.0,16734.0,2219.0,,,QP,QP1823,06:05,AV,akasa
BLR,HYD,2026-10-23,2026-09-08,45,19649.0,17396.0,2253.0,,,QP,QP1821,13:05,EC,akasa
BLR,HYD,2026-10-23,2026-09-08,45,20448.0,18157.0,2291.0,,,QP,QP1821,13:05,AV,akasa
BOM,BLR,2026-09-09,2026-09-08,1,5400.0,4122.0,1278.0,,,QP,QP1516,00:40,EC,akasa
BOM,BLR,2026-09-09,2026-09-08,1,5978.0,4672.0,1306.0,,,QP,QP1516,00:40,AV,akasa
BOM,BLR,2026-09-09,2026-09-08,1,5400.0,4122.0,1278.0,,,QP,QP1149,05:30,EC,akasa
BOM,BLR,2026-09-09,2026-09-08,1,5978.0,4672.0,1306.0,,,QP,QP1149,05:30,AV,akasa
BOM,BLR,2026-09-09,2026-09-08,1,5400.0,4122.0,1278.0,,,QP,QP1133,19:40,EC,akasa
BOM,BLR,2026-09-09,2026-09-08,1,5978.0,4672.0,1306.0,,,QP,QP1133,19:40,AV,akasa
BOM,BLR,2026-09-09,2026-09-08,1,7264.0,5898.0,1366.0,,,QP,QP1382,18:20,EC,akasa
BOM,BLR,2026-09-09,2026-09-08,1,7842.0,6448.0,1394.0,,,QP,QP1382,18:20,AV,akasa
BOM,BLR,2026-09-09,2026-09-08,1,7264.0,5898.0,1366.0,,,QP,QP1384,23:10,EC,akasa
BOM,BLR,2026-09-09,2026-09-08,1,7842.0,6448.0,1394.0,,,QP,QP1384,23:10,AV,akasa
BOM,BLR,2026-09-09,2026-09-08,1,7845.0,6451.0,1394.0,,,QP,QP1985,23:20,EC,akasa
BOM,BLR,2026-09-09,2026-09-08,1,8423.0,7001.0,1422.0,,,QP,QP1985,23:20,AV,akasa
BOM,BLR,2026-09-09,2026-09-08,1,8819.0,7379.0,1440.0,,,QP,QP1518,21:45,EC,akasa
BOM,BLR,2026-09-09,2026-09-08,1,9397.0,7929.0,1468.0,,,QP,QP1518,21:45,AV,akasa
BOM,BLR,2026-09-09,2026-09-08,1,11208.0,9654.0,1554.0,,,QP,QP1129,08:45,EC,akasa
BOM,BLR,2026-09-09,2026-09-08,1,11786.0,10204.0,1582.0,,,QP,QP1129,08:45,AV,akasa
BOM,BLR,2026-09-09,2026-09-08,1,12159.0,10559.0,1600.0,,,QP,QP1527,07:35,EC,akasa
BOM,BLR,2026-09-09,2026-09-08,1,12737.0,11109.0,1628.0,,,QP,QP1527,07:35,AV,akasa
BOM,BLR,2026-09-15,2026-09-08,7,6994.0,5640.0,1354.0,,,QP,QP1516,00:40,EC,akasa
BOM,BLR,2026-09-15,2026-09-08,7,7572.0,6190.0,1382.0,,,QP,QP1516,00:40,AV,akasa
BOM,BLR,2026-09-15,2026-09-08,7,6994.0,5640.0,1354.0,,,QP,QP1131,10:15,EC,akasa
BOM,BLR,2026-09-15,2026-09-08,7,7572.0,6190.0,1382.0,,,QP,QP1131,10:15,AV,akasa
BOM,BLR,2026-09-15,2026-09-08,7,6994.0,5640.0,1354.0,,,QP,QP1382,18:20,EC,akasa
BOM,BLR,2026-09-15,2026-09-08,7,7572.0,6190.0,1382.0,,,QP,QP1382,18:20,AV,akasa
BOM,BLR,2026-09-15,2026-09-08,7,7264.0,5898.0,1366.0,,,QP,QP1527,07:35,EC,akasa
BOM,BLR,2026-09-15,2026-09-08,7,7842.0,6448.0,1394.0,,,QP,QP1527,07:35,AV,akasa
BOM,BLR,2026-09-15,2026-09-08,7,8157.0,6747.0,1410.0,,,QP,QP1133,19:40,EC,akasa
BOM,BLR,2026-09-15,2026-09-08,7,8733.0,7297.0,1436.0,,,QP,QP1133,19:40,AV,akasa
BOM,BLR,2026-09-15,2026-09-08,7,8480.0,7056.0,1424.0,,,QP,QP1149,05:30,EC,akasa
BOM,BLR,2026-09-15,2026-09-08,7,9058.0,7606.0,1452.0,,,QP,QP1149,05:30,AV,akasa
BOM,BLR,2026-09-15,2026-09-08,7,8480.0,7056.0,1424.0,,,QP,QP1518,21:45,EC,akasa
BOM,BLR,2026-09-15,2026-09-08,7,9058.0,7606.0,1452.0,,,QP,QP1518,21:45,AV,akasa
BOM,BLR,2026-09-23,2026-09-08,15,5400.0,4122.0,1278.0,,,QP,QP1516,00:40,EC,akasa
BOM,BLR,2026-09-23,2026-09-08,15,5978.0,4672.0,1306.0,,,QP,QP1516,00:40,AV,akasa
BOM,BLR,2026-09-23,2026-09-08,15,5400.0,4122.0,1278.0,,,QP,QP1149,05:30,EC,akasa
BOM,BLR,2026-09-23,2026-09-08,15,5978.0,4672.0,1306.0,,,QP,QP1149,05:30,AV,akasa
BOM,BLR,2026-09-23,2026-09-08,15,5400.0,4122.0,1278.0,,,QP,QP1518,21:45,EC,akasa
BOM,BLR,2026-09-23,2026-09-08,15,5978.0,4672.0,1306.0,,,QP,QP1518,21:45,AV,akasa
BOM,BLR,2026-09-23,2026-09-08,15,5400.0,4122.0,1278.0,,,QP,QP1384,23:10,EC,akasa
BOM,BLR,2026-09-23,2026-09-08,15,5978.0,4672.0,1306.0,,,QP,QP1384,23:10,AV,akasa
BOM,BLR,2026-09-23,2026-09-08,15,5400.0,4122.0,1278.0,,,QP,QP1985,23:20,EC,akasa
BOM,BLR,2026-09-23,2026-09-08,15,5978.0,4672.0,1306.0,,,QP,QP1985,23:20,AV,akasa
BOM,BLR,2026-09-23,2026-09-08,15,6023.0,4715.0,1308.0,,,QP,QP1527,07:35,EC,akasa
BOM,BLR,2026-09-23,2026-09-08,15,6601.0,5265.0,1336.0,,,QP,QP1527,07:35,AV,akasa
BOM,BLR,2026-09-23,2026-09-08,15,7549.0,6169.0,1380.0,,,QP,QP1382,18:20,EC,akasa
BOM,BLR,2026-09-23,2026-09-08,15,8127.0,6719.0,1408.0,,,QP,QP1382,18:20,AV,akasa
BOM,BLR,2026-09-23,2026-09-08,15,7549.0,6169.0,1380.0,,,QP,QP1133,19:40,EC,akasa
BOM,BLR,2026-09-23,2026-09-08,15,8127.0,6719.0,1408.0,,,QP,QP1133,19:40,AV,akasa
BOM,BLR,2026-09-23,2026-09-08,15,7845.0,6451.0,1394.0,,,QP,QP1129,08:45,EC,akasa
BOM,BLR,2026-09-23,2026-09-08,15,8423.0,7001.0,1422.0,,,QP,QP1129,08:45,AV,akasa
BOM,BLR,2026-10-08,2026-09-08,30,5400.0,4122.0,1278.0,,,QP,QP1516,00:40,EC,akasa
BOM,BLR,2026-10-08,2026-09-08,30,5978.0,4672.0,1306.0,,,QP,QP1516,00:40,AV,akasa
BOM,BLR,2026-10-08,2026-09-08,30,5400.0,4122.0,1278.0,,,QP,QP1149,05:35,EC,akasa
BOM,BLR,2026-10-08,2026-09-08,30,5978.0,4672.0,1306.0,,,QP,QP1149,05:35,AV,akasa
BOM,BLR,2026-10-08,2026-09-08,30,5400.0,4122.0,1278.0,,,QP,QP1153,09:30,EC,akasa
BOM,BLR,2026-10-08,2026-09-08,30,5978.0,4672.0,1306.0,,,QP,QP1153,09:30,AV,akasa
BOM,BLR,2026-10-08,2026-09-08,30,5400.0,4122.0,1278.0,,,QP,QP1133,20:05,EC,akasa
BOM,BLR,2026-10-08,2026-09-08,30,5978.0,4672.0,1306.0,,,QP,QP1133,20:05,AV,akasa
BOM,BLR,2026-10-08,2026-09-08,30,5400.0,4122.0,1278.0,,,QP,QP1518,21:45,EC,akasa
BOM,BLR,2026-10-08,2026-09-08,30,5978.0,4672.0,1306.0,,,QP,QP1518,21:45,AV,akasa
BOM,BLR,2026-10-23,2026-09-08,45,6023.0,4715.0,1308.0,,,QP,QP1516,00:40,EC,akasa
BOM,BLR,2026-10-23,2026-09-08,45,6601.0,5265.0,1336.0,,,QP,QP1516,00:40,AV,akasa
BOM,BLR,2026-10-23,2026-09-08,45,7549.0,6169.0,1380.0,,,QP,QP1133,20:05,EC,akasa
BOM,BLR,2026-10-23,2026-09-08,45,8127.0,6719.0,1408.0,,,QP,QP1133,20:05,AV,akasa
BOM,BLR,2026-10-23,2026-09-08,45,7549.0,6169.0,1380.0,,,QP,QP1518,21:45,EC,akasa
BOM,BLR,2026-10-23,2026-09-08,45,8127.0,6719.0,1408.0,,,QP,QP1518,21:45,AV,akasa
BOM,DEL,2026-09-09,2026-09-08,1,6873.0,5603.0,1270.0,,,QP,QP1111,05:25,EC,akasa
BOM,DEL,2026-09-09,2026-09-08,1,7274.0,5984.0,1290.0,,,QP,QP1111,05:25,AV,akasa
BOM,DEL,2026-09-09,2026-09-08,1,6873.0,5603.0,1270.0,,,QP,QP1834,10:20,EC,akasa
BOM,DEL,2026-09-09,2026-09-08,1,7274.0,5984.0,1290.0,,,QP,QP1834,10:20,AV,akasa
BOM,DEL,2026-09-09,2026-09-08,1,6873.0,5603.0,1270.0,,,QP,QP1835,11:50,EC,akasa
BOM,DEL,2026-09-09,2026-09-08,1,7274.0,5984.0,1290.0,,,QP,QP1835,11:50,AV,akasa
BOM,DEL,2026-09-09,2026-09-08,1,6873.0,5603.0,1270.0,,,QP,QP1127,13:00,EC,akasa
BOM,DEL,2026-09-09,2026-09-08,1,7274.0,5984.0,1290.0,,,QP,QP1127,13:00,AV,akasa
BOM,DEL,2026-09-09,2026-09-08,1,6873.0,5603.0,1270.0,,,QP,QP1819,14:30,EC,akasa
BOM,DEL,2026-09-09,2026-09-08,1,7274.0,5984.0,1290.0,,,QP,QP1819,14:30,AV,akasa
BOM,DEL,2026-09-09,2026-09-08,1,6873.0,5603.0,1270.0,,,QP,QP1825,16:50,EC,akasa
BOM,DEL,2026-09-09,2026-09-08,1,7274.0,5984.0,1290.0,,,QP,QP1825,16:50,AV,akasa
BOM,DEL,2026-09-09,2026-09-08,1,7748.0,6436.0,1312.0,,,QP,QP1109,07:00,EC,akasa
BOM,DEL,2026-09-09,2026-09-08,1,8147.0,6817.0,1330.0,,,QP,QP1109,07:00,AV,akasa
BOM,DEL,2026-09-09,2026-09-08,1,12076.0,10558.0,1518.0,,,QP,QP1120,18:45,EC,akasa
BOM,DEL,2026-09-09,2026-09-08,1,12475.0,10939.0,1536.0,,,QP,QP1120,18:45,AV,akasa
BOM,DEL,2026-09-15,2026-09-08,7,6873.0,5603.0,1270.0,,,QP,QP1111,05:25,EC,akasa
BOM,DEL,2026-09-15,2026-09-08,7,7274.0,5984.0,1290.0,,,QP,QP1111,05:25,AV,akasa
BOM,DEL,2026-09-15,2026-09-08,7,6873.0,5603.0,1270.0,,,QP,QP1834,10:20,EC,akasa
BOM,DEL,2026-09-15,2026-09-08,7,7274.0,5984.0,1290.0,,,QP,QP1834,10:20,AV,akasa
BOM,DEL,2026-09-15,2026-09-08,7,6873.0,5603.0,1270.0,,,QP,QP1835,11:50,EC,akasa
BOM,DEL,2026-09-15,2026-09-08,7,7274.0,5984.0,1290.0,,,QP,QP1835,11:50,AV,akasa
BOM,DEL,2026-09-15,2026-09-08,7,6873.0,5603.0,1270.0,,,QP,QP1127,12:55,EC,akasa
BOM,DEL,2026-09-15,2026-09-08,7,7274.0,5984.0,1290.0,,,QP,QP1127,12:55,AV,akasa
BOM,DEL,2026-09-15,2026-09-08,7,6873.0,5603.0,1270.0,,,QP,QP1819,14:30,EC,akasa
BOM,DEL,2026-09-15,2026-09-08,7,7274.0,5984.0,1290.0,,,QP,QP1819,14:30,AV,akasa
BOM,DEL,2026-09-15,2026-09-08,7,6873.0,5603.0,1270.0,,,QP,QP1825,16:50,EC,akasa
BOM,DEL,2026-09-15,2026-09-08,7,7274.0,5984.0,1290.0,,,QP,QP1825,16:50,AV,akasa
BOM,DEL,2026-09-15,2026-09-08,7,6873.0,5603.0,1270.0,,,QP,QP1808,16:50,EC,akasa
BOM,DEL,2026-09-15,2026-09-08,7,7274.0,5984.0,1290.0,,,QP,QP1808,16:50,AV,akasa
BOM,DEL,2026-09-15,2026-09-08,7,6873.0,5603.0,1270.0,,,QP,QP1120,18:45,EC,akasa
BOM,DEL,2026-09-15,2026-09-08,7,7274.0,5984.0,1290.0,,,QP,QP1120,18:45,AV,akasa
BOM,DEL,2026-09-15,2026-09-08,7,7111.0,5829.0,1282.0,,,QP,QP1109,07:00,EC,akasa
BOM,DEL,2026-09-15,2026-09-08,7,7510.0,6210.0,1300.0,,,QP,QP1109,07:00,AV,akasa
BOM,DEL,2026-09-23,2026-09-08,15,6873.0,5603.0,1270.0,,,QP,QP1111,05:25,EC,akasa
BOM,DEL,2026-09-23,2026-09-08,15,7274.0,5984.0,1290.0,,,QP,QP1111,05:25,AV,akasa
BOM,DEL,2026-09-23,2026-09-08,15,6873.0,5603.0,1270.0,,,QP,QP1834,10:20,EC,akasa
BOM,DEL,2026-09-23,2026-09-08,15,7274.0,5984.0,1290.0,,,QP,QP1834,10:20,AV,akasa
BOM,DEL,2026-09-23,2026-09-08,15,6873.0,5603.0,1270.0,,,QP,QP1835,11:50,EC,akasa
BOM,DEL,2026-09-23,2026-09-08,15,7274.0,5984.0,1290.0,,,QP,QP1835,11:50,AV,akasa
BOM,DEL,2026-09-23,2026-09-08,15,6873.0,5603.0,1270.0,,,QP,QP1819,14:30,EC,akasa
BOM,DEL,2026-09-23,2026-09-08,15,7274.0,5984.0,1290.0,,,QP,QP1819,14:30,AV,akasa
BOM,DEL,2026-09-23,2026-09-08,15,6873.0,5603.0,1270.0,,,QP,QP1825,16:50,EC,akasa
BOM,DEL,2026-09-23,2026-09-08,15,7274.0,5984.0,1290.0,,,QP,QP1825,16:50,AV,akasa
BOM,DEL,2026-09-23,2026-09-08,15,6873.0,5603.0,1270.0,,,QP,QP1120,18:45,EC,akasa
BOM,DEL,2026-09-23,2026-09-08,15,7274.0,5984.0,1290.0,,,QP,QP1120,18:45,AV,akasa
BOM,DEL,2026-09-23,2026-09-08,15,7111.0,5829.0,1282.0,,,QP,QP1109,07:00,EC,akasa
BOM,DEL,2026-09-23,2026-09-08,15,7510.0,6210.0,1300.0,,,QP,QP1109,07:00,AV,akasa
BOM,DEL,2026-10-08,2026-09-08,30,6873.0,5603.0,1270.0,,,QP,QP1834,10:25,EC,akasa
BOM,DEL,2026-10-08,2026-09-08,30,7274.0,5984.0,1290.0,,,QP,QP1834,10:25,AV,akasa
BOM,DEL,2026-10-08,2026-09-08,30,6873.0,5603.0,1270.0,,,QP,QP1120,19:00,EC,akasa
BOM,DEL,2026-10-08,2026-09-08,30,7274.0,5984.0,1290.0,,,QP,QP1120,19:00,AV,akasa
BOM,DEL,2026-10-08,2026-09-08,30,6991.0,5715.0,1276.0,,,QP,QP1109,07:00,EC,akasa
BOM,DEL,2026-10-08,2026-09-08,30,7390.0,6096.0,1294.0,,,QP,QP1109,07:00,AV,akasa
BOM,DEL,2026-10-08,2026-09-08,30,7359.0,6065.0,1294.0,,,QP,QP1127,13:00,EC,akasa
BOM,DEL,2026-10-08,2026-09-08,30,7757.0,6445.0,1312.0,,,QP,QP1127,13:00,AV,akasa
BOM,DEL,2026-10-08,2026-09-08,30,7359.0,6065.0,1294.0,,,QP,QP1819,14:30,EC,akasa
BOM,DEL,2026-10-08,2026-09-08,30,7757.0,6445.0,1312.0,,,QP,QP1819,14:30,AV,akasa
BOM,DEL,2026-10-08,2026-09-08,30,7359.0,6065.0,1294.0,,,QP,QP1825,17:00,EC,akasa
BOM,DEL,2026-10-08,2026-09-08,30,7757.0,6445.0,1312.0,,,QP,QP1825,17:00,AV,akasa
BOM,DEL,2026-10-23,2026-09-08,45,7359.0,6065.0,1294.0,,,QP,QP1834,10:05,EC,akasa
BOM,DEL,2026-10-23,2026-09-08,45,7757.0,6445.0,1312.0,,,QP,QP1834,10:05,AV,akasa
BOM,DEL,2026-10-23,2026-09-08,45,7359.0,6065.0,1294.0,,,QP,QP1127,13:00,EC,akasa
BOM,DEL,2026-10-23,2026-09-08,45,7757.0,6445.0,1312.0,,,QP,QP1127,13:00,AV,akasa
BOM,DEL,2026-10-23,2026-09-08,45,7359.0,6065.0,1294.0,,,QP,QP1825,17:00,EC,akasa
BOM,DEL,2026-10-23,2026-09-08,45,7757.0,6445.0,1312.0,,,QP,QP1825,17:00,AV,akasa
BOM,DEL,2026-10-23,2026-09-08,45,7485.0,6185.0,1300.0,,,QP,QP1109,07:00,EC,akasa
BOM,DEL,2026-10-23,2026-09-08,45,7884.0,6566.0,1318.0,,,QP,QP1109,07:00,AV,akasa
BOM,DEL,2026-10-23,2026-09-08,45,7485.0,6185.0,1300.0,,,QP,QP1819,14:30,EC,akasa
BOM,DEL,2026-10-23,2026-09-08,45,7884.0,6566.0,1318.0,,,QP,QP1819,14:30,AV,akasa
BOM,DEL,2026-10-23,2026-09-08,45,7485.0,6185.0,1300.0,,,QP,QP1120,19:00,EC,akasa
BOM,DEL,2026-10-23,2026-09-08,45,7884.0,6566.0,1318.0,,,QP,QP1120,19:00,AV,akasa
CCU,DEL,2026-09-09,2026-09-08,1,9271.0,7469.0,1802.0,,,QP,QP1804,20:05,EC,akasa
CCU,DEL,2026-09-09,2026-09-08,1,9821.0,7993.0,1828.0,,,QP,QP1804,20:05,AV,akasa
CCU,DEL,2026-09-09,2026-09-08,1,9426.0,7618.0,1808.0,,,QP,QP1802,09:05,EC,akasa
CCU,DEL,2026-09-09,2026-09-08,1,9978.0,8142.0,1836.0,,,QP,QP1802,09:05,AV,akasa
CCU,DEL,2026-09-15,2026-09-08,7,8531.0,6765.0,1766.0,,,QP,QP1804,20:05,EC,akasa
CCU,DEL,2026-09-15,2026-09-08,7,9081.0,7289.0,1792.0,,,QP,QP1804,20:05,AV,akasa
CCU,DEL,2026-09-15,2026-09-08,7,9426.0,7618.0,1808.0,,,QP,QP1802,09:05,EC,akasa
CCU,DEL,2026-09-15,2026-09-08,7,9978.0,8142.0,1836.0,,,QP,QP1802,09:05,AV,akasa
CCU,DEL,2026-09-23,2026-09-08,15,8392.0,6632.0,1760.0,,,QP,QP1802,09:05,EC,akasa
CCU,DEL,2026-09-23,2026-09-08,15,8942.0,7156.0,1786.0,,,QP,QP1802,09:05,AV,akasa
CCU,DEL,2026-09-23,2026-09-08,15,8392.0,6632.0,1760.0,,,QP,QP1804,20:05,EC,akasa
CCU,DEL,2026-09-23,2026-09-08,15,8942.0,7156.0,1786.0,,,QP,QP1804,20:05,AV,akasa
CCU,DEL,2026-10-08,2026-09-08,30,9116.0,7322.0,1794.0,,,QP,QP1802,09:05,EC,akasa
CCU,DEL,2026-10-08,2026-09-08,30,9666.0,7846.0,1820.0,,,QP,QP1802,09:05,AV,akasa
CCU,DEL,2026-10-08,2026-09-08,30,9116.0,7322.0,1794.0,,,QP,QP1804,19:55,EC,akasa
CCU,DEL,2026-10-08,2026-09-08,30,9666.0,7846.0,1820.0,,,QP,QP1804,19:55,AV,akasa
CCU,DEL,2026-10-23,2026-09-08,45,10800.0,8926.0,1874.0,,,QP,QP1802,09:05,EC,akasa
CCU,DEL,2026-10-23,2026-09-08,45,11350.0,9450.0,1900.0,,,QP,QP1802,09:05,AV,akasa
CCU,DEL,2026-10-23,2026-09-08,45,10800.0,8926.0,1874.0,,,QP,QP1804,19:55,EC,akasa
CCU,DEL,2026-10-23,2026-09-08,45,11350.0,9450.0,1900.0,,,QP,QP1804,19:55,AV,akasa
DEL,BLR,2026-09-09,2026-09-08,1,9179.0,7774.0,1405.0,,,QP,QP1822,16:40,EC,akasa
DEL,BLR,2026-09-09,2026-09-08,1,9530.0,8107.0,1423.0,,,QP,QP1822,16:40,AV,akasa
DEL,BLR,2026-09-09,2026-09-08,1,9179.0,7774.0,1405.0,,,QP,QP1824,20:10,EC,akasa
DEL,BLR,2026-09-09,2026-09-08,1,9530.0,8107.0,1423.0,,,QP,QP1824,20:10,AV,akasa
DEL,BLR,2026-09-09,2026-09-08,1,9179.0,7774.0,1405.0,,,QP,QP1308,20:55,EC,akasa
DEL,BLR,2026-09-09,2026-09-08,1,9530.0,8107.0,1423.0,,,QP,QP1308,20:55,AV,akasa
DEL,BLR,2026-09-09,2026-09-08,1,9179.0,7774.0,1405.0,,,QP,QP1350,21:55,EC,akasa
DEL,BLR,2026-09-09,2026-09-08,1,9530.0,8107.0,1423.0,,,QP,QP1350,21:55,AV,akasa
DEL,BLR,2026-09-09,2026-09-08,1,9678.0,8249.0,1429.0,,,QP,QP1912,14:55,EC,akasa
DEL,BLR,2026-09-09,2026-09-08,1,10029.0,8582.0,1447.0,,,QP,QP1912,14:55,AV,akasa
DEL,BLR,2026-09-15,2026-09-08,7,9179.0,7774.0,1405.0,,,QP,QP1824,20:10,EC,akasa
DEL,BLR,2026-09-15,2026-09-08,7,9530.0,8107.0,1423.0,,,QP,QP1824,20:10,AV,akasa
DEL,BLR,2026-09-15,2026-09-08,7,9179.0,7774.0,1405.0,,,QP,QP1350,21:55,EC,akasa
DEL,BLR,2026-09-15,2026-09-08,7,9530.0,8107.0,1423.0,,,QP,QP1350,21:55,AV,akasa
DEL,BLR,2026-09-15,2026-09-08,7,9179.0,7774.0,1405.0,,,QP,QP1812,22:55,EC,akasa
DEL,BLR,2026-09-15,2026-09-08,7,9530.0,8107.0,1423.0,,,QP,QP1812,22:55,AV,akasa
DEL,BLR,2026-09-15,2026-09-08,7,9342.0,7929.0,1413.0,,,QP,QP1308,20:55,EC,akasa
DEL,BLR,2026-09-15,2026-09-08,7,9693.0,8262.0,1431.0,,,QP,QP1308,20:55,AV,akasa
DEL,BLR,2026-09-15,2026-09-08,7,9508.0,8087.0,1421.0,,,QP,QP1822,16:40,EC,akasa
DEL,BLR,2026-09-15,2026-09-08,7,9859.0,8420.0,1439.0,,,QP,QP1822,16:40,AV,akasa
DEL,BLR,2026-09-23,2026-09-08,15,9179.0,7774.0,1405.0,,,QP,QP1912,14:55,EC,akasa
DEL,BLR,2026-09-23,2026-09-08,15,9530.0,8107.0,1423.0,,,QP,QP1912,14:55,AV,akasa
DEL,BLR,2026-09-23,2026-09-08,15,9179.0,7774.0,1405.0,,,QP,QP1824,20:10,EC,akasa
DEL,BLR,2026-09-23,2026-09-08,15,9530.0,8107.0,1423.0,,,QP,QP1824,20:10,AV,akasa
DEL,BLR,2026-09-23,2026-09-08,15,9179.0,7774.0,1405.0,,,QP,QP1308,20:55,EC,akasa
DEL,BLR,2026-09-23,2026-09-08,15,9530.0,8107.0,1423.0,,,QP,QP1308,20:55,AV,akasa
DEL,BLR,2026-09-23,2026-09-08,15,9179.0,7774.0,1405.0,,,QP,QP1350,21:55,EC,akasa
DEL,BLR,2026-09-23,2026-09-08,15,9530.0,8107.0,1423.0,,,QP,QP1350,21:55,AV,akasa
DEL,BLR,2026-10-08,2026-09-08,30,9179.0,7774.0,1405.0,,,QP,QP1350,21:55,EC,akasa
DEL,BLR,2026-10-08,2026-09-08,30,9530.0,8107.0,1423.0,,,QP,QP1350,21:55,AV,akasa
DEL,BLR,2026-10-08,2026-09-08,30,9179.0,7774.0,1405.0,,,QP,QP1812,22:55,EC,akasa
DEL,BLR,2026-10-08,2026-09-08,30,9530.0,8107.0,1423.0,,,QP,QP1812,22:55,AV,akasa
DEL,BLR,2026-10-08,2026-09-08,30,9342.0,7929.0,1413.0,,,QP,QP1824,20:50,EC,akasa
DEL,BLR,2026-10-08,2026-09-08,30,9693.0,8262.0,1431.0,,,QP,QP1824,20:50,AV,akasa
DEL,BLR,2026-10-08,2026-09-08,30,9508.0,8087.0,1421.0,,,QP,QP1822,16:40,EC,akasa
DEL,BLR,2026-10-08,2026-09-08,30,9859.0,8420.0,1439.0,,,QP,QP1822,16:40,AV,akasa
DEL,BLR,2026-10-23,2026-09-08,45,10967.0,9476.0,1491.0,,,QP,QP1812,22:55,EC,akasa
DEL,BLR,2026-10-23,2026-09-08,45,11316.0,9809.0,1507.0,,,QP,QP1812,22:55,AV,akasa
DEL,BLR,2026-10-23,2026-09-08,45,11166.0,9665.0,1501.0,,,QP,QP1350,21:55,EC,akasa
DEL,BLR,2026-10-23,2026-09-08,45,11515.0,9998.0,1517.0,,,QP,QP1350,21:55,AV,akasa
DEL,BLR,2026-10-23,2026-09-08,45,11575.0,10056.0,1519.0,,,QP,QP1822,16:40,EC,akasa
DEL,BLR,2026-10-23,2026-09-08,45,11926.0,10389.0,1537.0,,,QP,QP1822,16:40,AV,akasa
DEL,BLR,2026-10-23,2026-09-08,45,11786.0,10257.0,1529.0,,,QP,QP1574,14:10,EC,akasa
DEL,BLR,2026-10-23,2026-09-08,45,12137.0,10590.0,1547.0,,,QP,QP1574,14:10,AV,akasa
DEL,BLR,2026-10-23,2026-09-08,45,12222.0,10671.0,1551.0,,,QP,QP1824,20:50,EC,akasa
DEL,BLR,2026-10-23,2026-09-08,45,12571.0,11004.0,1567.0,,,QP,QP1824,20:50,AV,akasa
DEL,BOM,2026-09-09,2026-09-08,1,6880.0,5640.0,1240.0,,,QP,QP1110,10:30,EC,akasa
DEL,BOM,2026-09-09,2026-09-08,1,7281.0,6021.0,1260.0,,,QP,QP1110,10:30,AV,akasa
DEL,BOM,2026-09-09,2026-09-08,1,6880.0,5640.0,1240.0,,,QP,QP1836,12:30,EC,akasa
DEL,BOM,2026-09-09,2026-09-08,1,7281.0,6021.0,1260.0,,,QP,QP1836,12:30,AV,akasa
DEL,BOM,2026-09-09,2026-09-08,1,6880.0,5640.0,1240.0,,,QP,QP1128,16:00,EC,akasa
DEL,BOM,2026-09-09,2026-09-08,1,7281.0,6021.0,1260.0,,,QP,QP1128,16:00,AV,akasa
DEL,BOM,2026-09-09,2026-09-08,1,8272.0,6966.0,1306.0,,,QP,QP1112,09:20,EC,akasa
DEL,BOM,2026-09-09,2026-09-08,1,8673.0,7347.0,1326.0,,,QP,QP1112,09:20,AV,akasa
DEL,BOM,2026-09-09,2026-09-08,1,11405.0,9949.0,1456.0,,,QP,QP1820,17:30,EC,akasa
DEL,BOM,2026-09-09,2026-09-08,1,11804.0,10330.0,1474.0,,,QP,QP1820,17:30,AV,akasa
DEL,BOM,2026-09-09,2026-09-08,1,13544.0,11986.0,1558.0,,,QP,QP1119,08:40,EC,akasa
DEL,BOM,2026-09-09,2026-09-08,1,13943.0,12367.0,1576.0,,,QP,QP1119,08:40,AV,akasa
DEL,BOM,2026-09-09,2026-09-08,1,14787.0,13171.0,1616.0,,,QP,QP1833,06:50,EC,akasa
DEL,BOM,2026-09-09,2026-09-08,1,15188.0,13552.0,1636.0,,,QP,QP1833,06:50,AV,akasa
DEL,BOM,2026-09-09,2026-09-08,1,14787.0,13171.0,1616.0,,,QP,QP1826,19:55,EC,akasa
DEL,BOM,2026-09-09,2026-09-08,1,15188.0,13552.0,1636.0,,,QP,QP1826,19:55,AV,akasa
DEL,BOM,2026-09-15,2026-09-08,7,6880.0,5640.0,1240.0,,,QP,QP1119,08:40,EC,akasa
DEL,BOM,2026-09-15,2026-09-08,7,7281.0,6021.0,1260.0,,,QP,QP1119,08:40,AV,akasa
DEL,BOM,2026-09-15,2026-09-08,7,6880.0,5640.0,1240.0,,,QP,QP1112,09:20,EC,akasa
DEL,BOM,2026-09-15,2026-09-08,7,7281.0,6021.0,1260.0,,,QP,QP1112,09:20,AV,akasa
DEL,BOM,2026-09-15,2026-09-08,7,6880.0,5640.0,1240.0,,,QP,QP1110,10:30,EC,akasa
DEL,BOM,2026-09-15,2026-09-08,7,7281.0,6021.0,1260.0,,,QP,QP1110,10:30,AV,akasa
DEL,BOM,2026-09-15,2026-09-08,7,6880.0,5640.0,1240.0,,,QP,QP1836,12:30,EC,akasa
DEL,BOM,2026-09-15,2026-09-08,7,7281.0,6021.0,1260.0,,,QP,QP1836,12:30,AV,akasa
DEL,BOM,2026-09-15,2026-09-08,7,6880.0,5640.0,1240.0,,,QP,QP1807,13:40,EC,akasa
DEL,BOM,2026-09-15,2026-09-08,7,7281.0,6021.0,1260.0,,,QP,QP1807,13:40,AV,akasa
DEL,BOM,2026-09-15,2026-09-08,7,6880.0,5640.0,1240.0,,,QP,QP1128,16:00,EC,akasa
DEL,BOM,2026-09-15,2026-09-08,7,7281.0,6021.0,1260.0,,,QP,QP1128,16:00,AV,akasa
DEL,BOM,2026-09-15,2026-09-08,7,6880.0,5640.0,1240.0,,,QP,QP1820,17:30,EC,akasa
DEL,BOM,2026-09-15,2026-09-08,7,7281.0,6021.0,1260.0,,,QP,QP1820,17:30,AV,akasa
DEL,BOM,2026-09-15,2026-09-08,7,6880.0,5640.0,1240.0,,,QP,QP1826,19:55,EC,akasa
DEL,BOM,2026-09-15,2026-09-08,7,7281.0,6021.0,1260.0,,,QP,QP1826,19:55,AV,akasa
DEL,BOM,2026-09-15,2026-09-08,7,7583.0,6309.0,1274.0,,,QP,QP1833,06:50,EC,akasa
DEL,BOM,2026-09-15,2026-09-08,7,7982.0,6690.0,1292.0,,,QP,QP1833,06:50,AV,akasa
DEL,BOM,2026-09-23,2026-09-08,15,6880.0,5640.0,1240.0,,,QP,QP1833,06:50,EC,akasa
DEL,BOM,2026-09-23,2026-09-08,15,7281.0,6021.0,1260.0,,,QP,QP1833,06:50,AV,akasa
DEL,BOM,2026-09-23,2026-09-08,15,6880.0,5640.0,1240.0,,,QP,QP1119,08:40,EC,akasa
DEL,BOM,2026-09-23,2026-09-08,15,7281.0,6021.0,1260.0,,,QP,QP1119,08:40,AV,akasa
DEL,BOM,2026-09-23,2026-09-08,15,6880.0,5640.0,1240.0,,,QP,QP1112,09:20,EC,akasa
DEL,BOM,2026-09-23,2026-09-08,15,7281.0,6021.0,1260.0,,,QP,QP1112,09:20,AV,akasa
DEL,BOM,2026-09-23,2026-09-08,15,6880.0,5640.0,1240.0,,,QP,QP1110,10:30,EC,akasa
DEL,BOM,2026-09-23,2026-09-08,15,7281.0,6021.0,1260.0,,,QP,QP1110,10:30,AV,akasa
DEL,BOM,2026-09-23,2026-09-08,15,6880.0,5640.0,1240.0,,,QP,QP1836,12:30,EC,akasa
DEL,BOM,2026-09-23,2026-09-08,15,7281.0,6021.0,1260.0,,,QP,QP1836,12:30,AV,akasa
DEL,BOM,2026-09-23,2026-09-08,15,6880.0,5640.0,1240.0,,,QP,QP1820,17:30,EC,akasa
DEL,BOM,2026-09-23,2026-09-08,15,7281.0,6021.0,1260.0,,,QP,QP1820,17:30,AV,akasa
DEL,BOM,2026-09-23,2026-09-08,15,6880.0,5640.0,1240.0,,,QP,QP1826,19:55,EC,akasa
DEL,BOM,2026-09-23,2026-09-08,15,7281.0,6021.0,1260.0,,,QP,QP1826,19:55,AV,akasa
DEL,BOM,2026-10-08,2026-09-08,30,6880.0,5640.0,1240.0,,,QP,QP1833,06:50,EC,akasa
DEL,BOM,2026-10-08,2026-09-08,30,7281.0,6021.0,1260.0,,,QP,QP1833,06:50,AV,akasa
DEL,BOM,2026-10-08,2026-09-08,30,6880.0,5640.0,1240.0,,,QP,QP1119,08:40,EC,akasa
DEL,BOM,2026-10-08,2026-09-08,30,7281.0,6021.0,1260.0,,,QP,QP1119,08:40,AV,akasa
DEL,BOM,2026-10-08,2026-09-08,30,6880.0,5640.0,1240.0,,,QP,QP1110,10:00,EC,akasa
DEL,BOM,2026-10-08,2026-09-08,30,7281.0,6021.0,1260.0,,,QP,QP1110,10:00,AV,akasa
DEL,BOM,2026-10-08,2026-09-08,30,6880.0,5640.0,1240.0,,,QP,QP1128,16:00,EC,akasa
DEL,BOM,2026-10-08,2026-09-08,30,7281.0,6021.0,1260.0,,,QP,QP1128,16:00,AV,akasa
DEL,BOM,2026-10-08,2026-09-08,30,6880.0,5640.0,1240.0,,,QP,QP1820,17:30,EC,akasa
DEL,BOM,2026-10-08,2026-09-08,30,7281.0,6021.0,1260.0,,,QP,QP1820,17:30,AV,akasa
DEL,BOM,2026-10-08,2026-09-08,30,6880.0,5640.0,1240.0,,,QP,QP1826,19:55,EC,akasa
DEL,BOM,2026-10-08,2026-09-08,30,7281.0,6021.0,1260.0,,,QP,QP1826,19:55,AV,akasa
DEL,BOM,2026-10-23,2026-09-08,45,7201.0,5945.0,1256.0,,,QP,QP1833,06:50,EC,akasa
DEL,BOM,2026-10-23,2026-09-08,45,7600.0,6326.0,1274.0,,,QP,QP1833,06:50,AV,akasa
DEL,BOM,2026-10-23,2026-09-08,45,7327.0,6065.0,1262.0,,,QP,QP1128,16:00,EC,akasa
DEL,BOM,2026-10-23,2026-09-08,45,7725.0,6445.0,1280.0,,,QP,QP1128,16:00,AV,akasa
DEL,BOM,2026-10-23,2026-09-08,45,7453.0,6185.0,1268.0,,,QP,QP1119,08:40,EC,akasa
DEL,BOM,2026-10-23,2026-09-08,45,7852.0,6566.0,1286.0,,,QP,QP1119,08:40,AV,akasa
DEL,BOM,2026-10-23,2026-09-08,45,7453.0,6185.0,1268.0,,,QP,QP1110,10:00,EC,akasa
DEL,BOM,2026-10-23,2026-09-08,45,7852.0,6566.0,1286.0,,,QP,QP1110,10:00,AV,akasa
DEL,BOM,2026-10-23,2026-09-08,45,7453.0,6185.0,1268.0,,,QP,QP1820,17:30,EC,akasa
DEL,BOM,2026-10-23,2026-09-08,45,7852.0,6566.0,1286.0,,,QP,QP1820,17:30,AV,akasa
DEL,BOM,2026-10-23,2026-09-08,45,7851.0,6565.0,1286.0,,,QP,QP1826,19:55,EC,akasa
DEL,BOM,2026-10-23,2026-09-08,45,8251.0,6945.0,1306.0,,,QP,QP1826,19:55,AV,akasa
DEL,CCU,2026-09-09,2026-09-08,1,8406.0,7179.0,1227.0,,,QP,QP1801,05:55,EC,akasa
DEL,CCU,2026-09-09,2026-09-08,1,8958.0,7703.0,1255.0,,,QP,QP1801,05:55,AV,akasa
DEL,CCU,2026-09-09,2026-09-08,1,9028.0,7771.0,1257.0,,,QP,QP1803,17:05,EC,akasa
DEL,CCU,2026-09-09,2026-09-08,1,9577.0,8294.0,1283.0,,,QP,QP1803,17:05,AV,akasa
DEL,CCU,2026-09-15,2026-09-08,7,8259.0,7038.0,1221.0,,,QP,QP1801,05:55,EC,akasa
DEL,CCU,2026-09-15,2026-09-08,7,8809.0,7562.0,1247.0,,,QP,QP1801,05:55,AV,akasa
DEL,CCU,2026-09-15,2026-09-08,7,8406.0,7179.0,1227.0,,,QP,QP1803,17:05,EC,akasa
DEL,CCU,2026-09-15,2026-09-08,7,8958.0,7703.0,1255.0,,,QP,QP1803,17:05,AV,akasa
DEL,CCU,2026-09-23,2026-09-08,15,8406.0,7179.0,1227.0,,,QP,QP1801,05:55,EC,akasa
DEL,CCU,2026-09-23,2026-09-08,15,8958.0,7703.0,1255.0,,,QP,QP1801,05:55,AV,akasa
DEL,CCU,2026-09-23,2026-09-08,15,8406.0,7179.0,1227.0,,,QP,QP1803,17:05,EC,akasa
DEL,CCU,2026-09-23,2026-09-08,15,8958.0,7703.0,1255.0,,,QP,QP1803,17:05,AV,akasa
DEL,CCU,2026-10-08,2026-09-08,30,9028.0,7771.0,1257.0,,,QP,QP1801,05:55,EC,akasa
DEL,CCU,2026-10-08,2026-09-08,30,9577.0,8294.0,1283.0,,,QP,QP1801,05:55,AV,akasa
DEL,CCU,2026-10-08,2026-09-08,30,9028.0,7771.0,1257.0,,,QP,QP1803,17:00,EC,akasa
DEL,CCU,2026-10-08,2026-09-08,30,9577.0,8294.0,1283.0,,,QP,QP1803,17:00,AV,akasa
DEL,CCU,2026-10-23,2026-09-08,45,10620.0,9287.0,1333.0,,,QP,QP1803,17:00,EC,akasa
DEL,CCU,2026-10-23,2026-09-08,45,11169.0,9810.0,1359.0,,,QP,QP1803,17:00,AV,akasa
DEL,CCU,2026-10-23,2026-09-08,45,12294.0,10881.0,1413.0,,,QP,QP1801,05:55,EC,akasa
DEL,CCU,2026-10-23,2026-09-08,45,12844.0,11405.0,1439.0,,,QP,QP1801,05:55,AV,akasa
DEL,MAA,2026-09-15,2026-09-08,7,13469.0,11950.0,1519.0,,,QP,QP1826,19:55,EC,akasa
DEL,MAA,2026-09-15,2026-09-08,7,14269.0,12712.0,1557.0,,,QP,QP1826,19:55,AV,akasa
DEL,MAA,2026-10-08,2026-09-08,30,13469.0,11950.0,1519.0,,,QP,QP1826,19:55,EC,akasa
DEL,MAA,2026-10-08,2026-09-08,30,14269.0,12712.0,1557.0,,,QP,QP1826,19:55,AV,akasa
DEL,MAA,2026-10-23,2026-09-08,45,13750.0,12219.0,1531.0,,,QP,QP1826,19:55,EC,akasa
DEL,MAA,2026-10-23,2026-09-08,45,14350.0,12789.0,1561.0,,,QP,QP1826,19:55,AV,akasa
HYD,BLR,2026-09-09,2026-09-08,1,17497.0,15212.0,2285.0,,,QP,QP1405,06:00,EC,akasa
HYD,BLR,2026-09-09,2026-09-08,1,18247.0,15926.0,2321.0,,,QP,QP1405,06:00,AV,akasa
HYD,BLR,2026-09-09,2026-09-08,1,18424.0,16095.0,2329.0,,,QP,QP1407,17:30,EC,akasa
HYD,BLR,2026-09-09,2026-09-08,1,19174.0,16809.0,2365.0,,,QP,QP1407,17:30,AV,akasa
HYD,BLR,2026-09-15,2026-09-08,7,16576.0,14335.0,2241.0,,,QP,QP1407,17:30,EC,akasa
HYD,BLR,2026-09-15,2026-09-08,7,17326.0,15049.0,2277.0,,,QP,QP1407,17:30,AV,akasa
HYD,BLR,2026-09-23,2026-09-08,15,16052.0,13835.0,2217.0,,,QP,QP1405,06:00,EC,akasa
HYD,BLR,2026-09-23,2026-09-08,15,16802.0,14549.0,2253.0,,,QP,QP1405,06:00,AV,akasa
HYD,BLR,2026-09-23,2026-09-08,15,16052.0,13835.0,2217.0,,,QP,QP1407,17:30,EC,akasa
HYD,BLR,2026-09-23,2026-09-08,15,16802.0,14549.0,2253.0,,,QP,QP1407,17:30,AV,akasa
HYD,BLR,2026-10-08,2026-09-08,30,17145.0,14876.0,2269.0,,,QP,QP1407,17:30,EC,akasa
HYD,BLR,2026-10-08,2026-09-08,30,17895.0,15590.0,2305.0,,,QP,QP1407,17:30,AV,akasa
HYD,BLR,2026-10-23,2026-09-08,45,18931.0,16578.0,2353.0,,,QP,QP1407,17:30,EC,akasa
HYD,BLR,2026-10-23,2026-09-08,45,19681.0,17292.0,2389.0,,,QP,QP1407,17:30,AV,akasa
HYD,BLR,2026-10-23,2026-09-08,45,19130.0,16767.0,2363.0,,,QP,QP1407,17:30,EC,akasa
HYD,BLR,2026-10-23,2026-09-08,45,19880.0,17481.0,2399.0,,,QP,QP1407,17:30,AV,akasa
HYD,BLR,2026-10-23,2026-09-08,45,22135.0,19628.0,2507.0,,,QP,QP1405,06:00,EC,akasa
HYD,BLR,2026-10-23,2026-09-08,45,22885.0,20342.0,2543.0,,,QP,QP1405,06:00,AV,akasa
MAA,DEL,2026-09-09,2026-09-08,1,21834.0,19539.0,2295.0,,,QP,QP1146,13:35,EC,akasa
MAA,DEL,2026-09-09,2026-09-08,1,22636.0,20301.0,2335.0,,,QP,QP1146,13:35,AV,akasa
MAA,DEL,2026-09-23,2026-09-08,15,11537.0,9732.0,1805.0,,,QP,QP1146,13:35,EC,akasa
MAA,DEL,2026-09-23,2026-09-08,15,12137.0,10302.0,1835.0,,,QP,QP1146,13:35,AV,akasa
MAA,DEL,2026-10-08,2026-09-08,30,14232.0,12299.0,1933.0,,,QP,QP1146,13:35,EC,akasa
MAA,DEL,2026-10-08,2026-09-08,30,15034.0,13061.0,1973.0,,,QP,QP1146,13:35,AV,akasa
MAA,DEL,2026-10-08,2026-09-08,30,14642.0,12689.0,1953.0,,,QP,QP1146,13:35,EC,akasa
MAA,DEL,2026-10-08,2026-09-08,30,15240.0,13259.0,1981.0,,,QP,QP1146,13:35,AV,akasa
MAA,DEL,2026-10-23,2026-09-08,45,13673.0,11766.0,1907.0,,,QP,QP1146,14:00,EC,akasa
MAA,DEL,2026-10-23,2026-09-08,45,14271.0,12336.0,1935.0,,,QP,QP1146,14:00,AV,akasa
